sexo,nombre,apellidos,partido,tipo_de_eleccion,entidad,distrito,circunscripcion,telefono,extension,correo_electronico,twitter,comisiones,bio,suplente_nombre,suplente_apellido
M,Rubén,Acosta Montoya ,Partido Verde Ecologista de México,Representación proporcional,Chihuahua,,1,,,,,,,Miguel Alfonso ,Vildosola Lacarra
F,Lilia ,Aguilar Gil,Partido del Trabajo,Representación proporcional,Chihuahua,,1,,,,@liliaguilarz,,,Martín ,Plascencia Ávila
F,María Elvia,Amaya Araujo,Partido Revolucionario Institucional,Representación proporcional,Baja California,,1,,,,,,,Carla Ibeth ,Pedrero Espinoza
M,Alberto,Anaya Gutiérrez,Partido del Trabajo,Representación proporcional,Nuevo León,,2,,,,,,,Priscila María,Acosta Villalpando
M,Carlos Fernando,Angulo Parra,Partido Acción Nacional,Mayoría Relativa,Chihuahua,3,,,,,@CarlosAnguloP ,,,José Antonio,Badia San Martín
F,Consuelo,Argüelles Loya,Partido Acción Nacional,Representación proporcional,Nuevo León,,2,,,,,,,Ricardo ,Peña Parra
M,Kamel,Athie Flores,Partido Revolucionario Institucional,Mayoría relativa,Chihuahua,7,,,,,@KamelAthie,,,Teodoro,Arguijo Hernández
M,Jaime,Bonilla Valdez ,Partido del Trabajo,Representación proporcional,Baja California,,1,,,,,,,Diana Paulina,Osorio Moreno
M,Benito,Caballero Garza,Partido Revolucionario Institucional,Mayoría relativa,Nuevo León,2,,,,,,,,Virgina ,Barajas Monjarás
F,María Elia ,Cabañas Aparicio ,Partido Revolucionario Institucional,Mayoría Relativa,Baja California,4,,,,,,,,Matilde Alejandra ,Rosas Escobar
M,Eloy,Cantú Segovia,Partido Revolucionario Institucional,Representación proporcional,Nuevo León,,2,,,,@EloyCantuS,,,Ignacio ,Ramírez Juárez
F,Minerva,Castillo Rodríguez,Partido Revolucionario Institucional,Mayoría relativa,Chihuahua,6,,,,,@MinervaCR1,,,Rocío,Ruiz de la Barrera
M,Benjamín ,Castillo Valdez,Partido Revolucionario Institucional,Mayoría Relativa,Baja California,1,,,,,,,,Alicia Asunción,Grande Olguín
M,Fernando Jorge,Castro Trenti,Partido Revolucionario Institucional,Representación proporcional,Baja California,,1,,,,@SenCastroTrenti ,,,Erika,Gómez Lozada
F,María Sanjuana,Cerda Franco ,Nueva Alianza,Representación proporcional,Nuevo León,,2,,,,,,,José de Jesús,González Curiel
F,María del Socorro,Ceseñas Chapa,Partido de la Revolución Democrática,Representación proporcional,Nuevo León,,2,,,,,,,José,Soto González
F,Martha Beatriz,Córdova Bernal ,Movimiento Ciudadano,Representación proporcional,Chihuahua,,1,,,,,,,Álvaro,Martínez García
M,Alberto,Coronado Quintanilla,Partido Acción Nacional,Mayoría Relativa,Nuevo León,6,,,,,@Coronadomx,,,Mariana Guadalupe,Flores Álvarez
M,Andrés ,de la Rosa Anaya,Partido Acción Nacional,Representación proporcional,Baja California,,1,,,,,,,Ana María,Roth González
M,Pedro Ignacio ,Domínguez Zepeda,Partido Revolucionario Institucional,Mayoría relativa,Chihuahua,8,,,,,@Pedro_Dgz,,,Karina,Kelly Sánchez
M,José Ignacio ,Duarte Murillo,Partido Revolucionario Institucional,Mayoría relativa,Chihuahua,2,,,,,@Nacho_Duarte_,,,Minerva Marisol,Sánchez Hernández
M,Víctor Osvaldo,Fuentes Solís,Partido Acción Nacional,Mayoría Relativa,Nuevo León,4,,,,,@victorfuentesmx ,,,Alejandra,García Gutiérrez
F,Adriana,Fuentes Téllez,Partido Revolucionario Institucional,Mayoría relativa,Chihuahua,1,,,,,,,,Luis,Tapia Hernández
M,Héctor,García García,Partido Revolucionario Institucional,Mayoría relativa,Nuevo León,11,,,,,@LicHectorGarcia,,,Diego Cristóbal,Calderón Estrada
F,Ana Lilia,Garza Cadena,Partido Verde Ecologista de México,Representación proporcional,Baja California,,1,,,,,,,Orlando Omar,Pérez Ortega
M,Marcelo,Garza Ruvalcaba ,Partido de la Revolución Democrática,Representación proporcional,Nuevo León,,2,,,,,,,Humberto,García Sosa
M,Juan Manuel ,Gastélum Buenrostro,Partido Acción Nacional,Mayoría Relativa,Baja California,5,,,,,@JmGastelumB ,,,Alejandro Martín,Palacios Ochoa
M,Marco Antonio,González Valdez,Partido Revolucionario Institucional,Mayoría relativa,Nuevo León,9,,,,,@marcoprinl,,,Cutberto,Cantorán Espinoza
M,Abel,Guerra Garza,Partido Revolucionario Institucional,Mayoría relativa,Nuevo León,3,,,,,@AbelGuerraG,,,Elda Yolanda,Hernández Salcido
M,Héctor Humberto,Gutiérrez de la Garza,Partido Revolucionario Institucional,Mayoría relativa,Nuevo León,5,,,,,@HectorHGutierre,,,Hermelinda,Martínez Martínez
M,Gilberto Antonio ,Hirata Chico,Partido Revolucionario Institucional,Mayoría Relativa,Baja California,3,,,,,@gilbertohiratac,,,Fernando,Camacho Ochoa
F,María de Jesús,Huerta Rea,Partido Revolucionario Institucional,Representación proporcional,Nuevo León,,2,,,,@maryhuertarea,,,Norma Lucía,Ley Zevada
M,Fernando,Larrazábal Bretón,Partido Acción Nacional,Mayoría Relativa,Nuevo León,10,,,,,@FerLarrazabal,,,Christian Manuel,Narváez Romero
M,Jaime Chris,López Alvarado,Partido Revolucionario Institucional,Mayoría Relativa,Baja California,6,,,,,@ChrisLopezBC,,,Elida,Segura Sifuentes
M,José Martín,López Cisneros,Partido Acción Nacional,Mayoría relativa,Nuevo León,7,,,,,,,,Blanca Aurelia,Anzaldua Nájera
M,Jorge,Mendoza Garza,Partido Revolucionario Institucional,Representación proporcional,Nuevo León,,2,,,,,,,Norma Esther,Almeida García
M,Abraham,Montes Alvarado,Partido Revolucionario Institucional,Mayoría relativa,Chihuahua,5,,,,,@AbrahamMontesD5,,,,
M,Luis Alfredo ,Murguía Lardizabal,Partido Revolucionario Institucional,Mayoría relativa,Chihuahua,4,,,,,@Luis_Murguia04,,,,
M,Homero Ricardo,Niño de Rivera Vela,Partido Acción Nacional,Mayoría Relativa,Nuevo León,1,,,,,@HomeroNR,,,,
M,David ,Pérez Tejada Padilla,Partido Verde Ecologista de México,Mayoría Relativa,Baja California,7,,,,,,,,,
F,Rocío Esmeralda,Reza Gallegos,Partido Acción Nacional,Representación proporcional,Chihuahua,,1,,,,@Rocio_Reza,,,,Martha Gómez del Campo Braham
M,Ernesto Alfonso,Robledo Leal,Partido Acción Nacional,Mayoría relativa,Nuevo León,8,,,,,@Alfonso_Robledo,,,,
F,Mayra Karina ,Robles Aguirre,Partido Revolucionario Institucional,Mayoría Relativa,Baja California,8,,,,,,,,,
F,Verónica,Sada Pérez,Partido Acción Nacional,Representación proporcional,Nuevo León,,2,,,,,,,,
M,José Arturo,Salinas Garza,Partido Acción Nacional,Representación proporcional,Nuevo León,,2,,,,@jarturosalinas,,,,
F,María Fernanda ,Schroeder Verdugo,Partido Revolucionario Institucional,Mayoría Relativa,Baja California,2,,,,,@FernandaSchVer,,Cirujana Dentista,,
F,Crystal ,Tovar Aragón,Partido de la Revolución Democrática,Representación proporcional,Chihuahua,,1,,,,,,"Lic. en Mercadotecnia, maestría en Población, desarrollo y Políticas Públicas. ",,
M,Javier,Treviño Cantú,Partido Revolucionario Institucional,Representación proporcional,Nuevo León,,2,,,,@javier_trevino,,,,
M,Pedro Pablo,Treviño Villarreal,Partido Revolucionario Institucional,Mayoría relativa,Nuevo León,12,,,,,,,,,
F,Diana Karina,Velázquez Ramírez,Partido Revolucionario Institucional,Mayoría relativa,Chihuahua,9,,,,,@DianaKarinaVR,,,,